-- phpMyAdmin SQL Dump
-- version 5.1.1
-- https://www.phpmyadmin.net/
--
-- Host: 127.0.0.1
-- Generation Time: Apr 05, 2022 at 07:48 PM
-- Server version: 10.4.22-MariaDB
-- PHP Version: 8.1.2

SET SQL_MODE = "NO_AUTO_VALUE_ON_ZERO";
START TRANSACTION;
SET time_zone = "+00:00";


/*!40101 SET @OLD_CHARACTER_SET_CLIENT=@@CHARACTER_SET_CLIENT */;
/*!40101 SET @OLD_CHARACTER_SET_RESULTS=@@CHARACTER_SET_RESULTS */;
/*!40101 SET @OLD_COLLATION_CONNECTION=@@COLLATION_CONNECTION */;
/*!40101 SET NAMES utf8mb4 */;

--
-- Database: `hipkarao_hipkaraoke`
--

-- --------------------------------------------------------

--
-- Table structure for table `bank`
--

CREATE TABLE `bank` (
  `bank_id` int(11) NOT NULL,
  `bank_account` varchar(50) NOT NULL,
  `bank_img` varchar(500) NOT NULL,
  `numbank` int(11) NOT NULL,
  `bank_name_id` int(11) NOT NULL
) ENGINE=InnoDB DEFAULT CHARSET=utf8;

--
-- Dumping data for table `bank`
--

INSERT INTO `bank` (`bank_id`, `bank_account`, `bank_img`, `numbank`, `bank_name_id`) VALUES
(44, 'iame', 'fileupload/imgbank/62408a1ab9c24.png', 123456789, 4),
(45, 'yy', 'fileupload/imgbank/62408a3a44dc6.png', 234567891, 3),
(46, 'aa', 'fileupload/imgbank/62408a66af880.png', 345678912, 8);

-- --------------------------------------------------------

--
-- Table structure for table `bank_name`
--

CREATE TABLE `bank_name` (
  `bank_name_id` int(11) NOT NULL,
  `bank_name` varchar(50) NOT NULL
) ENGINE=InnoDB DEFAULT CHARSET=utf8;

--
-- Dumping data for table `bank_name`
--

INSERT INTO `bank_name` (`bank_name_id`, `bank_name`) VALUES
(1, 'ธนาคารแห่งประเทศไทย'),
(2, 'ธนาคารกรุงเทพ'),
(3, 'ธนาคารกสิกรไทย'),
(4, 'ธนาคารกรุงไทย'),
(5, 'ธนาคารทหารไทยธนชาต'),
(6, 'ธนาคารไทยพาณิชย์'),
(7, 'ธนาคารกรุงศรีอยุธยา'),
(8, 'ธนาคารออมสิน'),
(9, 'ธนาคารซีไอเอ็มบีไทย'),
(10, 'ธนาคารอาคารสงเคราะห์'),
(11, 'ธนาคารอิสลามแห่งประเทศไทย'),
(13, 'ธนาคารแลนด์ แอนด์ เฮ้าส์'),
(14, 'ธนาคารไอซีบีซี (ไทย)');

-- --------------------------------------------------------

--
-- Table structure for table `booking`
--

CREATE TABLE `booking` (
  `booking_id` int(11) NOT NULL,
  `bkdatetime` timestamp NOT NULL DEFAULT current_timestamp() ON UPDATE current_timestamp(),
  `slip` text NOT NULL,
  `cus_id` int(11) NOT NULL,
  `bank_id` int(11) NOT NULL,
  `bank_name_id` int(11) NOT NULL
) ENGINE=InnoDB DEFAULT CHARSET=utf8;

--
-- Dumping data for table `booking`
--

INSERT INTO `booking` (`booking_id`, `bkdatetime`, `slip`, `cus_id`, `bank_id`, `bank_name_id`) VALUES
(460, '2022-04-03 15:13:44', '', 133, 0, 0),
(461, '2022-04-03 15:13:58', '', 133, 0, 0),
(462, '2022-04-03 15:14:20', '', 133, 0, 0),
(463, '2022-04-03 15:15:23', '', 133, 0, 0),
(464, '2022-04-03 15:15:27', '', 133, 0, 0),
(465, '2022-04-03 15:15:56', '', 133, 0, 0),
(466, '2022-04-03 15:16:41', '', 133, 0, 0),
(467, '2022-04-03 15:16:45', '', 133, 0, 0),
(468, '2022-04-03 15:16:52', '', 133, 0, 0),
(469, '2022-04-03 15:18:24', '', 133, 0, 0),
(470, '2022-04-03 15:18:45', '', 133, 0, 0),
(471, '2022-04-03 15:18:54', '', 133, 0, 0),
(472, '2022-04-03 15:19:03', '', 133, 0, 0),
(473, '2022-04-03 15:19:07', '', 133, 0, 0),
(474, '2022-04-03 15:19:10', '', 133, 0, 0),
(475, '2022-04-03 15:19:18', '', 133, 0, 0),
(476, '2022-04-03 15:19:38', '', 133, 0, 0),
(477, '2022-04-03 15:20:40', '', 133, 0, 0),
(478, '2022-04-03 15:20:45', '', 133, 0, 0),
(479, '2022-04-03 15:21:18', '', 133, 0, 0),
(480, '2022-04-03 15:22:17', 'fileupload/imgslip/1648999337.png', 133, 44, 0),
(481, '2022-04-03 15:34:53', 'fileupload/imgslip/1649000093.png', 131, 46, 0),
(482, '2022-04-03 15:41:25', 'fileupload/imgslip/1649000485.png', 133, 44, 0),
(483, '2022-04-03 15:45:11', '', 133, 0, 0),
(484, '2022-04-03 15:45:17', '', 133, 0, 0),
(485, '2022-04-03 15:45:24', '', 133, 0, 0),
(486, '2022-04-03 15:45:32', '', 133, 0, 0),
(487, '2022-04-03 15:45:37', '', 133, 0, 0),
(488, '2022-04-03 15:45:47', '', 133, 0, 0),
(489, '2022-04-03 15:46:14', '', 133, 0, 0),
(490, '2022-04-03 15:46:55', '', 133, 0, 0),
(491, '2022-04-03 15:47:08', '', 133, 0, 0),
(492, '2022-04-03 15:47:22', '', 133, 0, 0),
(493, '2022-04-03 15:47:35', '', 133, 0, 0),
(494, '2022-04-03 15:48:12', 'fileupload/imgslip/1649000892.png', 133, 45, 0),
(495, '2022-04-03 15:48:30', '', 133, 0, 0),
(496, '2022-04-03 15:48:55', '', 133, 0, 0),
(497, '2022-04-03 15:49:19', '', 133, 0, 0),
(498, '2022-04-03 15:58:17', '', 133, 0, 0),
(499, '2022-04-03 15:58:27', '', 133, 0, 0),
(500, '2022-04-03 15:59:38', '', 133, 0, 0),
(501, '2022-04-03 15:59:42', '', 133, 0, 0),
(502, '2022-04-03 15:59:48', '', 0, 0, 0),
(503, '2022-04-03 15:59:53', '', 133, 0, 0),
(504, '2022-04-03 16:00:52', '', 133, 0, 0),
(505, '2022-04-03 16:02:06', 'fileupload/imgslip/1649001726.png', 133, 44, 0),
(506, '2022-04-04 06:18:54', 'fileupload/imgslip/1649053134.png', 131, 44, 0),
(507, '2022-04-04 06:29:04', 'fileupload/imgslip/1649053744.png', 133, 45, 0),
(508, '2022-04-04 06:36:55', '', 133, 0, 0);

-- --------------------------------------------------------

--
-- Table structure for table `booking_detail`
--

CREATE TABLE `booking_detail` (
  `bookDE_id` int(11) NOT NULL,
  `date` date NOT NULL,
  `note` varchar(500) NOT NULL,
  `num` int(11) NOT NULL,
  `cus_id` int(11) NOT NULL,
  `booking_id` int(11) NOT NULL,
  `room_id` int(11) NOT NULL,
  `room_typeid` int(11) NOT NULL,
  `statusRoomid` int(11) NOT NULL,
  `sumfoodprice` int(10) NOT NULL,
  `timeplays` text DEFAULT NULL,
  `hours` text NOT NULL,
  `notefood` varchar(500) NOT NULL
) ENGINE=InnoDB DEFAULT CHARSET=utf8;

--
-- Dumping data for table `booking_detail`
--

INSERT INTO `booking_detail` (`bookDE_id`, `date`, `note`, `num`, `cus_id`, `booking_id`, `room_id`, `room_typeid`, `statusRoomid`, `sumfoodprice`, `timeplays`, `hours`, `notefood`) VALUES
(41022, '2022-04-03', 'dfdfdf', 55, 133, 480, 43, 3, 2, 204, '18:00-19:00,19:00-20:00', '2', ''),
(41023, '2022-04-04', 'nnnbnbnb', 15, 131, 481, 39, 2, 1, 0, '19:00-20:00,20:00-21:00', '2', ''),
(41024, '2022-04-03', 'vvvvvvvvvv', 8, 133, 482, 38, 2, 1, 84, '18:00-19:00,19:00-20:00', '2', ''),
(41027, '2022-04-03', 'lppppl', 77, 133, 505, 68, 16, 1, 0, '20:00-21:00,21:00-22:00', '2', ''),
(41028, '2022-04-04', 'test', 12, 131, 506, 37, 16, 2, 234, '18:00-19:00,19:00-20:00', '2', ''),
(41029, '2022-04-04', 'testttttttttttttttttt', 22, 133, 507, 37, 16, 3, 0, '18:00-19:00,19:00-20:00,20:00-21:00,21:00-22:00', '4', '');

-- --------------------------------------------------------

--
-- Table structure for table `customer`
--

CREATE TABLE `customer` (
  `cus_id` int(11) NOT NULL,
  `username` varchar(45) NOT NULL,
  `idline` varchar(45) NOT NULL,
  `phone` varchar(10) NOT NULL,
  `email` varchar(45) NOT NULL,
  `password` text NOT NULL,
  `type` varchar(10) NOT NULL,
  `picturePF` varchar(500) NOT NULL
) ENGINE=InnoDB DEFAULT CHARSET=utf8;

--
-- Dumping data for table `customer`
--

INSERT INTO `customer` (`cus_id`, `username`, `idline`, `phone`, `email`, `password`, `type`, `picturePF`) VALUES
(127, 'admin', 'idadmin', '0999999998', 'admin@gmail.com', 'b59c67bf196a4758191e42f76670ceba', 'admin', 'fileupload/userprofile/img623c4f3f5f784.jpg'),
(131, 'aa', 'idaa', '0124563781', 'aa@gmail.com', 'b59c67bf196a4758191e42f76670ceba', 'user', 'fileupload/userprofile/img623c92a44dcda.jpg'),
(132, 'pp', 'idpp', '0654312089', 'pp@gmail.com', 'b59c67bf196a4758191e42f76670ceba', 'user', 'fileupload/userprofile/img623b968fa8bfc.jpg'),
(133, 'boo1', 'idboo', '0854321094', 'boo@gmail.com', 'b59c67bf196a4758191e42f76670ceba', 'user', 'fileupload/userprofile/img623c4a82e15fe.jpg'),
(134, 'mama', 'idmama', '0125469733', 'mama@gmail.com', 'b59c67bf196a4758191e42f76670ceba', 'user', 'fileupload/userprofile/img62408adf7aee1.jpg'),
(135, 'ter', 'idtee', '0123457869', 'tee@gmail.com', 'b59c67bf196a4758191e42f76670ceba', 'user', 'fileupload/userprofile/img_001.jpg'),
(136, 'roy', 'idroy', '1245369785', 'roy@gmail.com', 'b59c67bf196a4758191e42f76670ceba', 'user', 'fileupload/userprofile/img624090e8183e8.jpg'),
(137, 'papa', 'idpapa', '01234567', 'papa@gmail.com', 'b59c67bf196a4758191e42f76670ceba', 'user', 'fileupload/userprofile/img6240915e61e0d.jpg'),
(138, 'test', 'idtest', '0999999999', 'test@gmail.com', 'b59c67bf196a4758191e42f76670ceba', 'user', 'fileupload/userprofile/img62448f149db16.jpg');

-- --------------------------------------------------------

--
-- Table structure for table `food_detail`
--

CREATE TABLE `food_detail` (
  `food_detail_id` int(11) NOT NULL,
  `food_name` varchar(45) NOT NULL,
  `pd_price` int(11) NOT NULL,
  `pd_qty` int(11) NOT NULL,
  `foodtype_id` int(11) NOT NULL,
  `picture` varchar(200) NOT NULL
) ENGINE=InnoDB DEFAULT CHARSET=utf8;

--
-- Dumping data for table `food_detail`
--

INSERT INTO `food_detail` (`food_detail_id`, `food_name`, `pd_price`, `pd_qty`, `foodtype_id`, `picture`) VALUES
(96, 'ป็อปคอร์น', 39, 150, 1001, './fileupload/imgfood/1647792278.png'),
(97, 'พิชซ่า', 149, 148, 1001, './fileupload/imgfood/1647792312.png'),
(98, 'นักเก็ต', 39, 147, 1001, './fileupload/imgfood/1647792318.png'),
(99, 'ช็อคโกแลค', 29, 31, 1001, './fileupload/imgfood/1647792323.png'),
(100, 'ไก่ทอด (น่อง)', 15, 70, 1001, './fileupload/imgfood/1647792328.png'),
(101, 'ไก่ป็อป', 30, 55, 1001, './fileupload/imgfood/1647792332.png'),
(102, 'ข้าวโพดคลุกเนย', 25, 14, 1001, './fileupload/imgfood/1647792341.png'),
(103, 'ซีเรียล', 20, 43, 1001, './fileupload/imgfood/1647792346.png'),
(104, 'บราวน์นี่', 69, 98, 1001, './fileupload/imgfood/1647792355.png'),
(105, 'ถั่วและ', 15, 98, 1001, './fileupload/imgfood/1647792362.png'),
(106, 'กรุบกรอบ', 25, 97, 1001, './fileupload/imgfood/1647792370.png'),
(107, 'ชีสบอล', 59, 98, 1001, './fileupload/imgfood/1647792378.png'),
(108, 'โดนัท', 10, 97, 1001, './fileupload/imgfood/1647792386.png'),
(109, 'เกี๊ยวซ่า', 139, 96, 1001, './fileupload/imgfood/1647792395.png'),
(110, 'ลูกชิ้น', 10, 97, 1001, './fileupload/imgfood/1647792402.png'),
(111, 'เยลลี่', 25, 97, 1001, './fileupload/imgfood/1647792410.png'),
(112, 'คัพเค้ก', 25, 98, 1001, './fileupload/imgfood/1647792417.png'),
(113, 'โรตี', 20, 98, 1001, './fileupload/imgfood/1647792424.png'),
(114, 'โค้ก', 30, 83, 1002, './fileupload/imgfood/1647792433.png'),
(115, 'เปปซี่', 15, 87, 1002, './fileupload/imgfood/1647792439.png'),
(116, 'แฟนต้า', 15, 90, 1002, './fileupload/imgfood/1647792444.png'),
(117, 'เบียร์', 79, 89, 1002, './fileupload/imgfood/1647792450.png'),
(118, 'น้ำเปล่า', 10, 87, 1002, './fileupload/imgfood/1647792456.png'),
(119, 'กาแฟ', 25, 94, 1002, './fileupload/imgfood/1647792464.png'),
(120, 'นมจืด', 15, 94, 1002, './fileupload/imgfood/1647792470.png'),
(121, 'นมเปรี้ยว', 15, 94, 1002, './fileupload/imgfood/1647792476.png');

-- --------------------------------------------------------

--
-- Table structure for table `food_type`
--

CREATE TABLE `food_type` (
  `foodtype_id` int(11) NOT NULL,
  `type_names` varchar(45) NOT NULL
) ENGINE=InnoDB DEFAULT CHARSET=utf8;

--
-- Dumping data for table `food_type`
--

INSERT INTO `food_type` (`foodtype_id`, `type_names`) VALUES
(1001, 'ประเภทขบเคี้ยว'),
(1002, 'ประเภทเครื่องดื่ม'),
(1012, 'ประเภททอด');

-- --------------------------------------------------------

--
-- Table structure for table `news`
--

CREATE TABLE `news` (
  `newsid` int(11) NOT NULL,
  `imgnews` varchar(500) NOT NULL,
  `datenow` timestamp NOT NULL DEFAULT current_timestamp() ON UPDATE current_timestamp(),
  `subject` varchar(500) NOT NULL,
  `content` varchar(500) NOT NULL
) ENGINE=InnoDB DEFAULT CHARSET=utf8;

--
-- Dumping data for table `news`
--

INSERT INTO `news` (`newsid`, `imgnews`, `datenow`, `subject`, `content`) VALUES
(61, 'fileupload/imgnews/6220e212c65ce.jpg', '2022-03-19 00:52:03', 'เรื่องนี้มีอยู่ว่า', 'ปลาทองสีสวยงามมากๆ และปลาเงินเช่นกัน'),
(62, 'fileupload/imgnews/6244902b2d8e3.jpg', '2022-03-30 17:15:23', 'test', 'testttttttttttttttttttttttttttttttttttttttttttttttttttttttttttttttttt'),
(63, 'fileupload/imgnews/6244906a0f6d2.jfif', '2022-04-04 01:10:21', 'พิษโควิด', 'ทำร้ายปอดดดดดดดด');

-- --------------------------------------------------------

--
-- Table structure for table `order_food`
--

CREATE TABLE `order_food` (
  `fd_id` int(11) NOT NULL,
  `booking_id` int(11) NOT NULL,
  `cus_id` int(11) NOT NULL,
  `food_detail_id` int(11) NOT NULL,
  `foodtype_id` int(11) NOT NULL,
  `bookDE_id` int(11) NOT NULL,
  `qty` int(100) NOT NULL,
  `price` int(10) NOT NULL
) ENGINE=InnoDB DEFAULT CHARSET=utf8;

--
-- Dumping data for table `order_food`
--

INSERT INTO `order_food` (`fd_id`, `booking_id`, `cus_id`, `food_detail_id`, `foodtype_id`, `bookDE_id`, `qty`, `price`) VALUES
(293, 1156, 131, 95, 1004, 40588, 2, 50),
(294, 1156, 131, 96, 1001, 40588, 1, 69),
(295, 1156, 131, 97, 1001, 40588, 1, 149),
(296, 1156, 131, 116, 1002, 40588, 1, 15),
(297, 1157, 131, 97, 1001, 40589, 1, 149),
(298, 1157, 131, 98, 1001, 40589, 3, 39),
(299, 1157, 131, 101, 1001, 40589, 1, 30),
(300, 1157, 131, 102, 1001, 40589, 1, 25),
(301, 1158, 131, 96, 1001, 40590, 2, 69),
(302, 1158, 131, 97, 1001, 40590, 1, 149),
(303, 1178, 131, 97, 1001, 40599, 1, 149),
(304, 1178, 131, 98, 1001, 40599, 2, 39),
(305, 1178, 131, 99, 1001, 40599, 1, 29),
(306, 1179, 131, 96, 1001, 40600, 1, 69),
(307, 1179, 131, 97, 1001, 40600, 1, 149),
(308, 1179, 131, 100, 1001, 40600, 1, 15),
(309, 1179, 131, 116, 1002, 40600, 1, 15),
(310, 1179, 131, 117, 1002, 40600, 1, 79),
(311, 1180, 131, 97, 1001, 40601, 1, 149),
(312, 1180, 131, 98, 1001, 40601, 1, 39),
(313, 1180, 131, 101, 1001, 40601, 1, 30),
(314, 1181, 131, 101, 1001, 40602, 1, 30),
(315, 1181, 131, 102, 1001, 40602, 1, 25),
(316, 1181, 131, 103, 1001, 40602, 2, 20),
(317, 1182, 131, 116, 1002, 40603, 2, 15),
(318, 1182, 131, 117, 1002, 40603, 1, 79),
(319, 1182, 131, 120, 1002, 40603, 1, 15),
(320, 1182, 131, 121, 1002, 40603, 1, 15),
(321, 1183, 131, 117, 1002, 40604, 1, 79),
(322, 1183, 131, 118, 1002, 40604, 2, 10),
(323, 1183, 131, 119, 1002, 40604, 1, 25),
(324, 1183, 131, 121, 1002, 40604, 1, 15),
(325, 1185, 131, 98, 1001, 40606, 1, 39),
(326, 1185, 131, 99, 1001, 40606, 1, 29),
(327, 1185, 131, 103, 1001, 40606, 1, 20),
(328, 1186, 131, 101, 1001, 40607, 1, 30),
(329, 1186, 131, 102, 1001, 40607, 2, 25),
(330, 1186, 131, 103, 1001, 40607, 1, 20),
(331, 1187, 131, 98, 1001, 40608, 1, 39),
(332, 1187, 131, 99, 1001, 40608, 1, 29),
(333, 1187, 131, 98, 1001, 40608, 1, 39),
(334, 1187, 131, 99, 1001, 40608, 1, 29),
(335, 1187, 131, 102, 1001, 40608, 1, 25),
(336, 1187, 131, 103, 1001, 40608, 1, 20),
(337, 1187, 131, 96, 1001, 40608, 1, 69),
(338, 1187, 131, 97, 1001, 40608, 1, 149),
(339, 1187, 131, 98, 1001, 40608, 1, 39),
(340, 1187, 131, 99, 1001, 40608, 1, 29),
(341, 1187, 131, 103, 1001, 40608, 3, 20),
(342, 1187, 131, 100, 1001, 40608, 1, 15),
(343, 1187, 131, 101, 1001, 40608, 4, 30),
(344, 1187, 131, 102, 1001, 40608, 1, 25),
(345, 1188, 131, 98, 1001, 40609, 2, 39),
(346, 1188, 131, 99, 1001, 40609, 3, 29),
(347, 1188, 131, 102, 1001, 40609, 1, 25),
(348, 1189, 131, 97, 1001, 40610, 2, 149),
(349, 1189, 131, 98, 1001, 40610, 1, 39),
(350, 1189, 131, 99, 1001, 40610, 1, 29),
(351, 1190, 131, 98, 1001, 40611, 1, 39),
(352, 1190, 131, 99, 1001, 40611, 1, 29),
(353, 1190, 131, 103, 1001, 40611, 1, 20),
(354, 1190, 131, 99, 1001, 40611, 1, 29),
(355, 1190, 131, 103, 1001, 40611, 1, 20),
(356, 1191, 131, 96, 1001, 40612, 2, 69),
(357, 1191, 131, 97, 1001, 40612, 1, 149),
(358, 1191, 131, 98, 1001, 40612, 1, 39),
(359, 1191, 131, 99, 1001, 40612, 1, 29),
(360, 1191, 131, 114, 1002, 40612, 2, 30),
(361, 1192, 131, 101, 1001, 40613, 1, 30),
(362, 1192, 131, 102, 1001, 40613, 1, 25),
(363, 1192, 131, 109, 1001, 40613, 2, 139),
(364, 1193, 131, 97, 1001, 40614, 1, 149),
(365, 1193, 131, 98, 1001, 40614, 1, 39),
(366, 1193, 131, 99, 1001, 40614, 1, 29),
(367, 1193, 131, 100, 1001, 40614, 1, 15),
(368, 1193, 131, 102, 1001, 40614, 1, 25),
(369, 1194, 131, 99, 1001, 40615, 2, 29),
(370, 1195, 131, 96, 1001, 40616, 1, 69),
(371, 1195, 131, 97, 1001, 40616, 1, 149),
(372, 1195, 131, 98, 1001, 40616, 1, 39),
(373, 1195, 131, 103, 1001, 40616, 1, 20),
(374, 1196, 131, 99, 1001, 40617, 2, 29),
(375, 1196, 131, 102, 1001, 40617, 1, 25),
(376, 1196, 131, 103, 1001, 40617, 1, 20),
(377, 1196, 131, 118, 1002, 40617, 1, 10),
(378, 1196, 131, 119, 1002, 40617, 1, 25),
(379, 1196, 131, 120, 1002, 40617, 1, 15),
(380, 1197, 131, 98, 1001, 40618, 1, 39),
(381, 1197, 131, 99, 1001, 40618, 1, 29),
(382, 1197, 131, 102, 1001, 40618, 1, 25),
(383, 1197, 131, 103, 1001, 40618, 1, 20),
(384, 1198, 131, 97, 1001, 40619, 1, 149),
(385, 1198, 131, 98, 1001, 40619, 1, 39),
(386, 1198, 131, 100, 1001, 40619, 1, 15),
(387, 1198, 131, 101, 1001, 40619, 1, 30),
(388, 1198, 131, 102, 1001, 40619, 1, 25),
(389, 1199, 131, 99, 1001, 40620, 1, 29),
(390, 1199, 131, 100, 1001, 40620, 1, 15),
(391, 1199, 131, 102, 1001, 40620, 1, 25),
(392, 1199, 131, 103, 1001, 40620, 1, 20),
(393, 1200, 131, 99, 1001, 40621, 2, 29),
(394, 1489, 131, 118, 1002, 40704, 1, 10),
(395, 1489, 131, 119, 1002, 40704, 1, 25),
(396, 1491, 131, 98, 1001, 40705, 1, 39),
(397, 1491, 131, 99, 1001, 40705, 1, 29),
(398, 1491, 131, 114, 1002, 40705, 2, 30),
(399, 1491, 131, 120, 1002, 40705, 1, 15),
(400, 1520, 131, 96, 1001, 40706, 1, 69),
(401, 1520, 131, 97, 1001, 40706, 1, 149),
(402, 1574, 131, 99, 1001, 40708, 2, 29),
(403, 1590, 131, 99, 1001, 40709, 1, 29),
(404, 1590, 131, 101, 1001, 40709, 1, 30),
(405, 1590, 131, 102, 1001, 40709, 1, 25),
(406, 1590, 131, 103, 1001, 40709, 2, 20),
(407, 1610, 131, 96, 1001, 40710, 1, 69),
(408, 1610, 131, 101, 1001, 40710, 1, 30),
(409, 1610, 131, 102, 1001, 40710, 1, 25),
(410, 1610, 131, 103, 1001, 40710, 1, 20),
(411, 1624, 131, 100, 1001, 40711, 1, 15),
(412, 1624, 131, 102, 1001, 40711, 1, 25),
(413, 1624, 131, 103, 1001, 40711, 1, 20),
(414, 1646, 131, 99, 1001, 40718, 1, 29),
(415, 1646, 131, 101, 1001, 40718, 1, 30),
(416, 1646, 131, 102, 1001, 40718, 1, 25),
(417, 1646, 131, 103, 1001, 40718, 1, 20),
(418, 1648, 131, 100, 1001, 40719, 3, 15),
(419, 1648, 131, 101, 1001, 40719, 1, 30),
(420, 1648, 131, 102, 1001, 40719, 2, 25),
(421, 1648, 131, 103, 1001, 40719, 1, 20),
(422, 1653, 131, 0, 0, 40721, 0, 0),
(423, 1653, 131, 97, 1001, 40721, 1, 149),
(424, 1653, 131, 98, 1001, 40721, 1, 39),
(425, 1653, 131, 99, 1001, 40721, 1, 29),
(426, 1663, 131, 98, 1001, 40726, 1, 39),
(427, 1663, 131, 99, 1001, 40726, 1, 29),
(428, 1663, 131, 103, 1001, 40726, 1, 20),
(429, 1664, 131, 97, 1001, 40727, 1, 149),
(430, 1664, 131, 98, 1001, 40727, 2, 39),
(431, 1664, 131, 99, 1001, 40727, 1, 29),
(432, 1664, 131, 102, 1001, 40727, 1, 25),
(433, 1664, 131, 103, 1001, 40727, 1, 20),
(434, 1664, 131, 98, 1001, 40727, 1, 39),
(435, 1664, 131, 99, 1001, 40727, 1, 29),
(436, 1664, 131, 102, 1001, 40727, 1, 25),
(437, 1665, 131, 100, 1001, 40728, 4, 15),
(438, 1665, 131, 101, 1001, 40728, 1, 30),
(439, 1666, 131, 96, 1001, 40729, 1, 69),
(440, 1666, 131, 97, 1001, 40729, 1, 149),
(441, 1666, 131, 98, 1001, 40729, 3, 39),
(442, 1666, 131, 99, 1001, 40729, 1, 29),
(443, 1666, 131, 100, 1001, 40729, 1, 15),
(444, 1666, 131, 101, 1001, 40729, 1, 30),
(445, 1666, 131, 102, 1001, 40729, 1, 25),
(446, 1666, 131, 103, 1001, 40729, 1, 20),
(447, 1667, 131, 100, 1001, 40730, 1, 15),
(448, 1667, 131, 101, 1001, 40730, 1, 30),
(449, 1667, 131, 102, 1001, 40730, 1, 25),
(450, 1667, 131, 103, 1001, 40730, 1, 20),
(451, 1668, 131, 97, 1001, 40731, 2, 149),
(452, 1668, 131, 98, 1001, 40731, 3, 39),
(453, 1668, 131, 101, 1001, 40731, 1, 30),
(454, 1668, 131, 102, 1001, 40731, 1, 25),
(455, 1674, 131, 98, 1001, 40735, 1, 39),
(456, 1674, 131, 100, 1001, 40735, 1, 15),
(457, 1674, 131, 101, 1001, 40735, 1, 30),
(458, 1674, 131, 102, 1001, 40735, 1, 25),
(459, 1674, 131, 103, 1001, 40735, 1, 20),
(460, 1674, 131, 110, 1001, 40735, 1, 10),
(461, 1674, 131, 111, 1001, 40735, 1, 25),
(462, 1674, 131, 114, 1002, 40735, 1, 30),
(463, 1674, 131, 115, 1002, 40735, 1, 15),
(464, 1678, 131, 96, 1001, 40736, 1, 69),
(465, 1678, 131, 97, 1001, 40736, 1, 149),
(466, 1678, 131, 98, 1001, 40736, 1, 39),
(467, 1678, 131, 99, 1001, 40736, 1, 29),
(468, 1678, 131, 100, 1001, 40736, 1, 15),
(469, 1678, 131, 103, 1001, 40736, 1, 20),
(470, 1678, 131, 98, 1001, 40736, 3, 39),
(471, 1678, 131, 99, 1001, 40736, 2, 29),
(472, 1678, 131, 98, 1001, 40736, 2, 39),
(473, 1678, 131, 99, 1001, 40736, 1, 29),
(474, 1678, 131, 98, 1001, 40736, 2, 39),
(475, 1678, 131, 99, 1001, 40736, 1, 29),
(476, 1678, 131, 98, 1001, 40736, 2, 39),
(477, 1678, 131, 99, 1001, 40736, 1, 29),
(478, 1678, 131, 98, 1001, 40736, 3, 39),
(479, 1678, 131, 98, 1001, 40736, 8, 39),
(480, 1678, 131, 98, 1001, 40736, 3, 39),
(481, 1678, 131, 98, 1001, 40736, 2, 39),
(482, 1678, 131, 98, 1001, 40736, 2, 39),
(483, 1678, 131, 98, 1001, 40736, 2, 39),
(484, 1678, 131, 98, 1001, 40736, 3, 39),
(485, 1678, 131, 98, 1001, 40736, 2, 39),
(486, 1678, 131, 98, 1001, 40736, 2, 39),
(487, 1678, 131, 98, 1001, 40736, 2, 39),
(488, 1678, 131, 98, 1001, 40736, 2, 39),
(489, 1678, 131, 98, 1001, 40736, 3, 39),
(490, 1678, 131, 98, 1001, 40736, 3, 39),
(491, 1678, 131, 98, 1001, 40736, 2, 39),
(492, 1717, 131, 98, 1001, 40738, 2, 39),
(493, 1717, 131, 101, 1001, 40738, 1, 30),
(494, 1717, 131, 102, 1001, 40738, 1, 25),
(495, 1718, 131, 98, 1001, 40739, 4, 39),
(496, 1718, 131, 99, 1001, 40739, 1, 29),
(497, 1718, 131, 102, 1001, 40739, 1, 25),
(498, 1719, 127, 98, 1001, 40740, 2, 39),
(499, 1719, 127, 100, 1001, 40740, 1, 15),
(500, 1719, 127, 101, 1001, 40740, 1, 30),
(501, 1719, 127, 102, 1001, 40740, 1, 25),
(502, 1719, 127, 104, 1001, 40740, 1, 69),
(503, 1719, 127, 107, 1001, 40740, 2, 59),
(504, 1722, 131, 99, 1001, 40741, 1, 29),
(505, 1722, 131, 100, 1001, 40741, 1, 15),
(506, 1722, 131, 102, 1001, 40741, 1, 25),
(507, 1722, 131, 103, 1001, 40741, 1, 20),
(508, 1723, 131, 98, 1001, 40742, 1, 39),
(509, 1723, 131, 99, 1001, 40742, 1, 29),
(510, 1723, 131, 102, 1001, 40742, 1, 25),
(511, 1723, 131, 103, 1001, 40742, 1, 20),
(512, 1724, 131, 98, 1001, 40743, 3, 39),
(513, 1724, 131, 99, 1001, 40743, 1, 29),
(514, 1724, 131, 102, 1001, 40743, 2, 25),
(515, 1725, 131, 108, 1001, 40744, 2, 10),
(516, 1725, 131, 109, 1001, 40744, 1, 139),
(517, 1725, 131, 112, 1001, 40744, 1, 25),
(518, 1725, 131, 113, 1001, 40744, 1, 20),
(519, 1725, 131, 114, 1002, 40744, 1, 30),
(520, 1725, 131, 119, 1002, 40744, 1, 25),
(521, 1725, 131, 121, 1002, 40744, 1, 15),
(522, 1726, 131, 98, 1001, 40745, 2, 39),
(523, 1726, 131, 99, 1001, 40745, 1, 29),
(524, 1726, 131, 102, 1001, 40745, 1, 25),
(525, 1726, 131, 103, 1001, 40745, 1, 20),
(526, 1727, 131, 116, 1002, 40746, 1, 15),
(527, 1727, 131, 117, 1002, 40746, 1, 79),
(528, 1727, 131, 118, 1002, 40746, 1, 10),
(529, 1727, 131, 120, 1002, 40746, 1, 15),
(530, 1728, 131, 98, 1001, 40747, 2, 39),
(531, 1728, 131, 102, 1001, 40747, 1, 25),
(532, 1728, 131, 106, 1001, 40747, 1, 25),
(533, 1728, 131, 114, 1002, 40747, 1, 30),
(534, 1728, 131, 118, 1002, 40747, 1, 10),
(535, 1, 131, 98, 1001, 40748, 1, 39),
(536, 1, 131, 100, 1001, 40748, 1, 15),
(537, 1, 131, 102, 1001, 40748, 1, 25),
(538, 1, 131, 105, 1001, 40748, 1, 15),
(539, 1, 131, 106, 1001, 40748, 1, 25),
(540, 5, 131, 98, 1001, 40749, 3, 39),
(541, 6, 131, 97, 1001, 40750, 1, 149),
(542, 6, 131, 98, 1001, 40750, 2, 39),
(543, 6, 131, 99, 1001, 40750, 1, 29),
(544, 6, 131, 102, 1001, 40750, 2, 25),
(545, 7, 132, 98, 1001, 40751, 1, 39),
(546, 7, 132, 101, 1001, 40751, 1, 30),
(547, 7, 132, 102, 1001, 40751, 1, 25),
(548, 7, 132, 103, 1001, 40751, 1, 20),
(549, 8, 133, 98, 1001, 40752, 2, 39),
(550, 8, 133, 101, 1001, 40752, 1, 30),
(551, 8, 133, 116, 1002, 40752, 1, 15),
(552, 8, 133, 117, 1002, 40752, 1, 79),
(553, 8, 133, 120, 1002, 40752, 1, 15),
(554, 8, 133, 121, 1002, 40752, 1, 15),
(555, 13, 133, 98, 1001, 40754, 1, 39),
(556, 13, 133, 101, 1001, 40754, 1, 30),
(557, 13, 133, 102, 1001, 40754, 1, 25),
(558, 13, 133, 103, 1001, 40754, 1, 20),
(559, 14, 133, 98, 1001, 40755, 1, 39),
(560, 15, 133, 97, 1001, 40756, 1, 149),
(561, 15, 133, 98, 1001, 40756, 1, 39),
(562, 15, 133, 99, 1001, 40756, 1, 29),
(563, 15, 133, 101, 1001, 40756, 1, 30),
(564, 15, 133, 102, 1001, 40756, 1, 25),
(565, 20, 133, 98, 1001, 40760, 1, 39),
(566, 23, 133, 98, 1001, 40762, 2, 39),
(567, 24, 133, 98, 1001, 40763, 1, 39),
(568, 24, 133, 102, 1001, 40763, 1, 25),
(569, 24, 133, 103, 1001, 40763, 1, 20),
(570, 25, 133, 98, 1001, 40764, 2, 39),
(571, 26, 133, 98, 1001, 40765, 1, 39),
(572, 26, 133, 99, 1001, 40765, 1, 29),
(573, 26, 133, 102, 1001, 40765, 1, 25),
(574, 26, 133, 103, 1001, 40765, 1, 20),
(575, 27, 133, 98, 1001, 40766, 2, 39),
(576, 37, 131, 98, 1001, 40767, 3, 39),
(577, 40, 131, 98, 1001, 40768, 1, 39),
(578, 40, 131, 102, 1001, 40768, 1, 25),
(579, 40, 131, 103, 1001, 40768, 1, 20),
(580, 41, 131, 96, 1001, 40769, 2, 69),
(581, 41, 131, 101, 1001, 40769, 1, 30),
(582, 42, 133, 113, 1001, 40770, 1, 20),
(583, 42, 133, 114, 1002, 40770, 1, 30),
(584, 42, 133, 116, 1002, 40770, 1, 15),
(585, 42, 133, 117, 1002, 40770, 1, 79),
(586, 42, 133, 118, 1002, 40770, 1, 10),
(587, 44, 133, 97, 1001, 40772, 1, 149),
(588, 44, 133, 98, 1001, 40772, 2, 39),
(589, 44, 133, 102, 1001, 40772, 2, 25),
(590, 44, 133, 103, 1001, 40772, 1, 20),
(591, 44, 133, 97, 1001, 40772, 1, 149),
(592, 44, 133, 101, 1001, 40772, 1, 30),
(593, 44, 133, 102, 1001, 40772, 1, 25),
(594, 44, 133, 103, 1001, 40772, 1, 20),
(595, 47, 133, 98, 1001, 40773, 1, 39),
(596, 47, 133, 100, 1001, 40773, 1, 15),
(597, 47, 133, 102, 1001, 40773, 1, 25),
(598, 47, 133, 103, 1001, 40773, 1, 20),
(599, 47, 133, 114, 1002, 40773, 1, 30),
(600, 47, 133, 117, 1002, 40773, 1, 79),
(601, 47, 133, 118, 1002, 40773, 1, 10),
(602, 48, 133, 96, 1001, 40774, 1, 69),
(603, 48, 133, 97, 1001, 40774, 1, 149),
(604, 48, 133, 98, 1001, 40774, 1, 39),
(605, 48, 133, 100, 1001, 40774, 1, 15),
(606, 48, 133, 101, 1001, 40774, 1, 30),
(607, 49, 133, 98, 1001, 40775, 1, 39),
(608, 49, 133, 99, 1001, 40775, 1, 29),
(609, 49, 133, 102, 1001, 40775, 1, 25),
(610, 49, 133, 103, 1001, 40775, 1, 20),
(611, 53, 131, 96, 1001, 40776, 1, 69),
(612, 53, 131, 98, 1001, 40776, 1, 39),
(613, 53, 131, 101, 1001, 40776, 1, 30),
(614, 53, 131, 102, 1001, 40776, 1, 25),
(615, 53, 131, 103, 1001, 40776, 1, 20),
(616, 54, 131, 98, 1001, 40777, 1, 39),
(617, 54, 131, 99, 1001, 40777, 1, 29),
(618, 54, 131, 102, 1001, 40777, 1, 25),
(619, 54, 131, 103, 1001, 40777, 1, 20),
(620, 56, 131, 98, 1001, 40778, 1, 39),
(621, 56, 131, 102, 1001, 40778, 1, 25),
(622, 57, 131, 98, 1001, 40779, 1, 39),
(623, 57, 131, 99, 1001, 40779, 1, 29),
(624, 57, 131, 102, 1001, 40779, 1, 25),
(625, 57, 131, 103, 1001, 40779, 1, 20),
(626, 58, 131, 98, 1001, 40780, 1, 39),
(627, 58, 131, 99, 1001, 40780, 1, 29),
(628, 58, 131, 102, 1001, 40780, 1, 25),
(629, 58, 131, 103, 1001, 40780, 1, 20),
(630, 59, 131, 97, 1001, 40781, 2, 149),
(631, 59, 131, 101, 1001, 40781, 1, 30),
(632, 59, 131, 102, 1001, 40781, 1, 25),
(633, 62, 133, 96, 1001, 40782, 1, 69),
(634, 62, 133, 112, 1001, 40782, 1, 25),
(635, 62, 133, 116, 1002, 40782, 1, 15),
(636, 62, 133, 117, 1002, 40782, 1, 79),
(637, 62, 133, 118, 1002, 40782, 2, 10),
(638, 62, 133, 121, 1002, 40782, 1, 15),
(639, 63, 133, 97, 1001, 40783, 1, 149),
(640, 63, 133, 98, 1001, 40783, 1, 39),
(641, 63, 133, 101, 1001, 40783, 1, 30),
(642, 63, 133, 102, 1001, 40783, 1, 25),
(643, 64, 133, 98, 1001, 40784, 2, 39),
(644, 64, 133, 102, 1001, 40784, 1, 25),
(645, 64, 133, 103, 1001, 40784, 1, 20),
(646, 65, 133, 97, 1001, 40785, 1, 149),
(647, 65, 133, 98, 1001, 40785, 1, 39),
(648, 65, 133, 101, 1001, 40785, 1, 30),
(649, 65, 133, 102, 1001, 40785, 1, 25),
(650, 66, 133, 110, 1001, 40786, 1, 10),
(651, 66, 133, 111, 1001, 40786, 1, 25),
(652, 66, 133, 114, 1002, 40786, 1, 30),
(653, 66, 133, 115, 1002, 40786, 1, 15),
(654, 68, 133, 96, 1001, 40787, 1, 69),
(655, 68, 133, 100, 1001, 40787, 1, 15),
(656, 68, 133, 101, 1001, 40787, 1, 30),
(657, 68, 133, 102, 1001, 40787, 1, 25),
(658, 69, 133, 96, 1001, 40788, 1, 69),
(659, 69, 133, 97, 1001, 40788, 1, 149),
(660, 69, 133, 98, 1001, 40788, 1, 39),
(661, 69, 133, 99, 1001, 40788, 1, 29),
(662, 72, 133, 100, 1001, 40790, 1, 15),
(663, 72, 133, 103, 1001, 40790, 1, 20),
(664, 74, 134, 98, 1001, 40794, 1, 39),
(665, 74, 134, 102, 1001, 40794, 1, 25),
(666, 74, 134, 103, 1001, 40794, 1, 20),
(667, 75, 134, 102, 1001, 40796, 1, 25),
(668, 75, 134, 103, 1001, 40796, 1, 20),
(669, 77, 134, 102, 1001, 40798, 1, 25),
(670, 77, 134, 103, 1001, 40798, 1, 20),
(671, 78, 134, 102, 1001, 40799, 1, 25),
(672, 78, 134, 103, 1001, 40799, 1, 20),
(673, 79, 134, 98, 1001, 40801, 1, 39),
(674, 84, 131, 99, 1001, 40808, 1, 29),
(675, 84, 131, 102, 1001, 40808, 1, 25),
(676, 84, 131, 103, 1001, 40808, 1, 20),
(677, 85, 134, 98, 1001, 40810, 1, 39),
(678, 85, 134, 102, 1001, 40810, 1, 25),
(679, 87, 136, 97, 1001, 40811, 1, 149),
(680, 87, 136, 98, 1001, 40811, 1, 39),
(681, 88, 137, 97, 1001, 40812, 1, 149),
(682, 88, 137, 98, 1001, 40812, 1, 39),
(683, 90, 137, 97, 1001, 40813, 1, 149),
(684, 90, 137, 98, 1001, 40813, 1, 39),
(685, 91, 137, 97, 1001, 40815, 1, 149),
(686, 91, 137, 98, 1001, 40815, 1, 39),
(687, 91, 137, 99, 1001, 40815, 1, 29),
(688, 92, 137, 98, 1001, 40816, 1, 39),
(689, 95, 131, 98, 1001, 40818, 3, 39),
(690, 96, 131, 97, 1001, 40819, 1, 149),
(691, 96, 131, 98, 1001, 40819, 1, 39),
(692, 96, 131, 99, 1001, 40819, 1, 29),
(693, 97, 131, 98, 1001, 40820, 1, 39),
(694, 97, 131, 99, 1001, 40820, 1, 29),
(695, 98, 131, 99, 1001, 40821, 1, 29),
(696, 99, 131, 99, 1001, 40822, 1, 29),
(697, 123, 131, 96, 1001, 40839, 1, 69),
(698, 123, 131, 97, 1001, 40839, 1, 149),
(699, 123, 131, 98, 1001, 40839, 1, 39),
(700, 204, 131, 98, 1001, 40900, 1, 39),
(701, 204, 131, 102, 1001, 40900, 1, 25),
(702, 287, 131, 97, 1001, 40924, 1, 149),
(703, 294, 131, 97, 1001, 40927, 1, 149),
(704, 294, 131, 98, 1001, 40927, 1, 39),
(705, 317, 131, 98, 1001, 40931, 1, 39),
(706, 323, 131, 96, 1001, 40932, 1, 69),
(707, 323, 131, 97, 1001, 40932, 1, 149),
(708, 325, 131, 98, 1001, 40933, 2, 39),
(709, 330, 131, 99, 1001, 40934, 1, 29),
(710, 330, 131, 103, 1001, 40934, 1, 20),
(711, 402, 131, 98, 1001, 40970, 1, 39),
(712, 410, 131, 98, 1001, 40977, 1, 39),
(713, 410, 131, 102, 1001, 40977, 1, 25),
(714, 410, 131, 103, 1001, 40977, 1, 20),
(715, 412, 131, 99, 1001, 40979, 1, 29),
(716, 413, 131, 98, 1001, 40980, 1, 39),
(717, 414, 131, 96, 1001, 40981, 1, 69),
(718, 414, 131, 97, 1001, 40981, 1, 149),
(719, 414, 131, 98, 1001, 40981, 2, 39),
(720, 414, 131, 99, 1001, 40981, 1, 29),
(721, 417, 131, 97, 1001, 40983, 1, 149),
(722, 417, 131, 98, 1001, 40983, 1, 39),
(723, 417, 131, 99, 1001, 40983, 1, 29),
(724, 419, 131, 97, 1001, 40985, 2, 149),
(725, 419, 131, 98, 1001, 40985, 1, 39),
(726, 419, 131, 99, 1001, 40985, 1, 29),
(727, 435, 131, 98, 1001, 41001, 1, 39),
(728, 435, 131, 99, 1001, 41001, 1, 29),
(729, 441, 133, 98, 1001, 41006, 2, 39),
(730, 443, 133, 98, 1001, 41008, 1, 39),
(731, 443, 133, 102, 1001, 41008, 1, 25),
(732, 443, 133, 103, 1001, 41008, 1, 20),
(733, 447, 133, 98, 1001, 41012, 1, 39),
(734, 447, 133, 102, 1001, 41012, 1, 25),
(735, 448, 133, 98, 1001, 41013, 1, 39),
(736, 448, 133, 102, 1001, 41013, 1, 25),
(737, 448, 133, 106, 1001, 41013, 1, 25),
(738, 449, 131, 98, 1001, 41014, 1, 39),
(739, 449, 131, 102, 1001, 41014, 1, 25),
(740, 449, 131, 110, 1001, 41014, 1, 10),
(741, 450, 137, 98, 1001, 41015, 1, 39),
(742, 450, 137, 102, 1001, 41015, 1, 25),
(743, 450, 137, 103, 1001, 41015, 1, 20),
(744, 450, 137, 120, 1002, 41015, 1, 15),
(745, 451, 138, 96, 1001, 41016, 1, 69),
(746, 451, 138, 101, 1001, 41016, 1, 30),
(747, 451, 138, 102, 1001, 41016, 1, 25),
(748, 451, 138, 114, 1002, 41016, 1, 30),
(749, 451, 138, 118, 1002, 41016, 1, 10),
(750, 451, 138, 119, 1002, 41016, 1, 25),
(751, 452, 138, 98, 1001, 41017, 1, 39),
(752, 452, 138, 99, 1001, 41017, 1, 29),
(753, 452, 138, 102, 1001, 41017, 1, 25),
(754, 452, 138, 103, 1001, 41017, 1, 20),
(755, 458, 138, 98, 1001, 41020, 1, 39),
(756, 458, 138, 99, 1001, 41020, 1, 29),
(757, 480, 133, 97, 1001, 41022, 1, 149),
(758, 480, 133, 101, 1001, 41022, 1, 30),
(759, 480, 133, 102, 1001, 41022, 1, 25),
(760, 482, 133, 98, 1001, 41024, 1, 39),
(761, 482, 133, 102, 1001, 41024, 1, 25),
(762, 482, 133, 103, 1001, 41024, 1, 20),
(763, 494, 133, 102, 1001, 41025, 1, 25),
(764, 494, 133, 103, 1001, 41025, 1, 20),
(765, 506, 131, 97, 1001, 41028, 1, 149),
(766, 506, 131, 101, 1001, 41028, 1, 30),
(767, 506, 131, 102, 1001, 41028, 1, 25),
(768, 506, 131, 115, 1002, 41028, 1, 15),
(769, 506, 131, 116, 1002, 41028, 1, 15);

-- --------------------------------------------------------

--
-- Table structure for table `room_detail`
--

CREATE TABLE `room_detail` (
  `room_id` int(11) NOT NULL,
  `room_name` varchar(45) NOT NULL,
  `roomtype_id` int(11) NOT NULL,
  `statusRoom_id` int(11) NOT NULL
) ENGINE=InnoDB DEFAULT CHARSET=utf8;

--
-- Dumping data for table `room_detail`
--

INSERT INTO `room_detail` (`room_id`, `room_name`, `roomtype_id`, `statusRoom_id`) VALUES
(36, 'roomMleg1', 4, 1),
(37, 'roomM033', 16, 0),
(38, 'roomM04', 2, 0),
(39, 'roomM05', 2, 0),
(40, 'roomV1201', 3, 0),
(41, 'roomV1202', 3, 0),
(42, 'roomV1203', 3, 0),
(43, 'roomV1204', 3, 0),
(44, 'roomV1205', 3, 0),
(45, 'roomV1206', 3, 0),
(46, 'roomV3401', 4, 0),
(47, 'roomV3402', 4, 0),
(48, 'roomV3403', 4, 0),
(49, 'roomV3402', 4, 0),
(50, 'roomV34031', 4, 0),
(68, 'ppp', 16, 0),
(74, 'roomAE', 17, 0);

-- --------------------------------------------------------

--
-- Table structure for table `room_type_detail`
--

CREATE TABLE `room_type_detail` (
  `roomtype_id` int(11) NOT NULL,
  `name_type` varchar(50) NOT NULL,
  `detail` text NOT NULL,
  `price` varchar(500) NOT NULL,
  `num_people` varchar(10) NOT NULL,
  `roomName` varchar(45) NOT NULL,
  `equipment` varchar(45) NOT NULL,
  `img` varchar(200) NOT NULL
) ENGINE=InnoDB DEFAULT CHARSET=utf8;

--
-- Dumping data for table `room_type_detail`
--

INSERT INTO `room_type_detail` (`roomtype_id`, `name_type`, `detail`, `price`, `num_people`, `roomName`, `equipment`, `img`) VALUES
(2, 'M', 'มีทั้งไฟเทคและไฟธรรมดา', '159', '1-10', 'Room M', '3', 'fileupload/imgroom/img61f81ee624056.svg'),
(3, 'VIP1-VIP2', 'มีไฟเทค', '239', '1-20', 'Room VIP1-VIP2', '4', 'fileupload/imgroom/img61f803afc094f.svg'),
(4, 'VIP3-VIP4', ' มีไฟเทค', '159', '1-5', 'Room VIP3-VIP444', '4', 'fileupload/imgroom/img61f81e9e83f5f.svg'),
(16, 'bigger', 'biggerrrrrrrrrrrrrrr', '500', '12', 'jumbo', '5', 'fileupload/imgroom/img62489ba71a901.jpg');

-- --------------------------------------------------------

--
-- Table structure for table `status_room`
--

CREATE TABLE `status_room` (
  `statusRoomid` int(11) NOT NULL,
  `status_name` varchar(45) NOT NULL
) ENGINE=InnoDB DEFAULT CHARSET=utf8;

--
-- Dumping data for table `status_room`
--

INSERT INTO `status_room` (`statusRoomid`, `status_name`) VALUES
(0, 'ว่าง'),
(1, 'ไม่ว่าง');

--
-- Indexes for dumped tables
--

--
-- Indexes for table `bank`
--
ALTER TABLE `bank`
  ADD PRIMARY KEY (`bank_id`);

--
-- Indexes for table `bank_name`
--
ALTER TABLE `bank_name`
  ADD PRIMARY KEY (`bank_name_id`);

--
-- Indexes for table `booking`
--
ALTER TABLE `booking`
  ADD PRIMARY KEY (`booking_id`);

--
-- Indexes for table `booking_detail`
--
ALTER TABLE `booking_detail`
  ADD PRIMARY KEY (`bookDE_id`);

--
-- Indexes for table `customer`
--
ALTER TABLE `customer`
  ADD PRIMARY KEY (`cus_id`);

--
-- Indexes for table `food_detail`
--
ALTER TABLE `food_detail`
  ADD PRIMARY KEY (`food_detail_id`);

--
-- Indexes for table `food_type`
--
ALTER TABLE `food_type`
  ADD PRIMARY KEY (`foodtype_id`);

--
-- Indexes for table `news`
--
ALTER TABLE `news`
  ADD PRIMARY KEY (`newsid`);

--
-- Indexes for table `order_food`
--
ALTER TABLE `order_food`
  ADD PRIMARY KEY (`fd_id`);

--
-- Indexes for table `room_detail`
--
ALTER TABLE `room_detail`
  ADD PRIMARY KEY (`room_id`);

--
-- Indexes for table `room_type_detail`
--
ALTER TABLE `room_type_detail`
  ADD PRIMARY KEY (`roomtype_id`);

--
-- Indexes for table `status_room`
--
ALTER TABLE `status_room`
  ADD PRIMARY KEY (`statusRoomid`);

--
-- AUTO_INCREMENT for dumped tables
--

--
-- AUTO_INCREMENT for table `bank`
--
ALTER TABLE `bank`
  MODIFY `bank_id` int(11) NOT NULL AUTO_INCREMENT, AUTO_INCREMENT=48;

--
-- AUTO_INCREMENT for table `bank_name`
--
ALTER TABLE `bank_name`
  MODIFY `bank_name_id` int(11) NOT NULL AUTO_INCREMENT, AUTO_INCREMENT=18;

--
-- AUTO_INCREMENT for table `booking`
--
ALTER TABLE `booking`
  MODIFY `booking_id` int(11) NOT NULL AUTO_INCREMENT, AUTO_INCREMENT=509;

--
-- AUTO_INCREMENT for table `booking_detail`
--
ALTER TABLE `booking_detail`
  MODIFY `bookDE_id` int(11) NOT NULL AUTO_INCREMENT, AUTO_INCREMENT=41030;

--
-- AUTO_INCREMENT for table `customer`
--
ALTER TABLE `customer`
  MODIFY `cus_id` int(11) NOT NULL AUTO_INCREMENT, AUTO_INCREMENT=139;

--
-- AUTO_INCREMENT for table `food_detail`
--
ALTER TABLE `food_detail`
  MODIFY `food_detail_id` int(11) NOT NULL AUTO_INCREMENT, AUTO_INCREMENT=127;

--
-- AUTO_INCREMENT for table `food_type`
--
ALTER TABLE `food_type`
  MODIFY `foodtype_id` int(11) NOT NULL AUTO_INCREMENT, AUTO_INCREMENT=1014;

--
-- AUTO_INCREMENT for table `news`
--
ALTER TABLE `news`
  MODIFY `newsid` int(11) NOT NULL AUTO_INCREMENT, AUTO_INCREMENT=67;

--
-- AUTO_INCREMENT for table `order_food`
--
ALTER TABLE `order_food`
  MODIFY `fd_id` int(11) NOT NULL AUTO_INCREMENT, AUTO_INCREMENT=770;

--
-- AUTO_INCREMENT for table `room_detail`
--
ALTER TABLE `room_detail`
  MODIFY `room_id` int(11) NOT NULL AUTO_INCREMENT, AUTO_INCREMENT=75;

--
-- AUTO_INCREMENT for table `room_type_detail`
--
ALTER TABLE `room_type_detail`
  MODIFY `roomtype_id` int(11) NOT NULL AUTO_INCREMENT, AUTO_INCREMENT=18;
COMMIT;

/*!40101 SET CHARACTER_SET_CLIENT=@OLD_CHARACTER_SET_CLIENT */;
/*!40101 SET CHARACTER_SET_RESULTS=@OLD_CHARACTER_SET_RESULTS */;
/*!40101 SET COLLATION_CONNECTION=@OLD_COLLATION_CONNECTION */;
